,ticker
0,AAN
1,AAOI
2,AAON
3,AAT
4,AAWW
5,ABCB
6,ABFS
7,ABG
8,ABM
9,ACC
10,ACHC
11,ACIW
12,ACLS
13,ACM
14,ACOR
15,ACXM
16,ADC
17,ADTN
18,ADUS
19,AEGN
20,AEIS
21,AEL
22,AEO
23,AFG
24,AG
25,AGCO
26,AGYS
27,AHH
28,AHS
29,AIN
30,AIR
31,AIT
32,AKR
33,AKRX
34,AKS
35,ALE
36,ALEX
37,ALG
38,ALGT
39,AM
40,AMAG
41,AMBC
42,AMCX
43,AMED
44,AMPH
45,AMSF
46,AMWD
47,AN
48,ANDE
49,ANF
50,ANGO
51,ANIK
52,ANIP
53,APEI
54,APOG
55,ARCB
56,ARGN
57,ARI
58,ARR
59,ARW
60,ARWR
61,ASB
62,ASBC
63,ASF
64,ASGN
65,ASH
66,ASNA
67,ASTE
68,ATI
69,ATNI
70,ATR
71,ATU
72,AVA
73,AVAV
74,AVD
75,AVP
76,AVT
77,AWR
78,AXB
79,AXE
80,AXL
81,AYI
82,AZZ
83,B
84,BANC
85,BANR
86,BBBY
87,BBCN
88,BBG
89,BC
90,BCC
91,BCEI
92,BCO
93,BCOR
94,BCPC
95,BDC
96,BEAT
97,BELFB
98,BFS
99,BGG
100,BGS
101,BHE
102,BHLB
103,BIG
104,BIO
105,BJRI
106,BKE
107,BKH
108,BLKB
109,BLMN
110,BMI
111,BOFI
112,BOH
113,BOOM
114,BOOT
115,BPAX
116,BPFH
117,BRC
118,BRKL
119,BRKS
120,BRO
121,BRX
122,BW
123,BWS
124,BXS
125,BYD
126,CACI
127,CAI
128,CAKE
129,CALM
130,CAMP
131,CAR
132,CASH
133,CASY
134,CATM
135,CATO
136,CATY
137,CBB
138,CBL
139,CBM
140,CBRL
141,CBSH
142,CBT
143,CBU
144,CCMP
145,CCOI
146,CCRN
147,CCS
148,CDK
149,CDR
150,CECO
151,CENT
152,CENTA
153,CENX
154,CEVA
155,CFR
156,CFX
157,CGNX
158,CHCO
159,CHDN
160,CHE
161,CHEF
162,CHK
163,CHS
164,CHSP
165,CHUY
166,CIEN
167,CIR
168,CKH
169,CLB
170,CLDT
171,CLGX
172,CLH
173,CLI
174,CLW
175,CMC
176,CMN
177,CMO
178,CMP
179,CMTL
180,CNK
181,CNMD
182,CNO
183,CNSL
184,CNX
185,COHR
186,COHU
187,COKE
188,COLB
189,CONE
190,CONN
191,COR
192,CORE
193,CORT
194,CPF
195,CPO
196,CPS
197,CPSI
198,CPT
199,CR
200,CRAY
201,CRCM
202,CREE
203,CRI
204,CRL
205,CROX
206,CRS
207,CRUS
208,CRVL
209,CRY
210,CRZO
211,CSGS
212,CSII
213,CSL
214,CTB
215,CTLT
216,CTR
217,CTRE
218,CTS
219,CUB
220,CUBI
221,CUTR
222,CUZ
223,CVBF
224,CVCO
225,CVGW
226,CVLT
227,CW
228,CWT
229,CXW
230,CY
231,CYH
232,CYTK
233,CZR
234,DAKT
235,DAN
236,DAR
237,DBD
238,DBRN
239,DCI
240,DCOM
241,DDD
242,DDS
243,DECK
244,DEI
245,DEPO
246,DF
247,DGII
248,DIN
249,DIOD
250,DKS
251,DLX
252,DNKN
253,DNOW
254,DNR
255,DO
256,DORM
257,DPLO
258,DPZ
259,DRH
260,DRQ
261,DSPG
262,DV
263,DW
264,DXPE
265,DY
266,EAT
267,EBIX
268,EBS
269,ECHO
270,ECOL
271,ECPG
272,EE
273,EGBN
274,EGHT
275,EGOV
276,EGP
277,EGRX
278,EHTH
279,EIG
280,ELY
281,EME
282,ENDP
283,ENR
284,ENS
285,ENSG
286,ENTA
287,ENVA
288,EPAY
289,EPR
290,EQT
291,ERA
292,ERI
293,ESE
294,EST
295,ETH
296,EV
297,EVR
298,EVTC
299,EWBC
300,EXEL
301,EXH
302,EXLS
303,EXP
304,EXPO
305,EXPR
306,EXTR
307,EZPW
308,FAF
309,FARO
310,FBC
311,FBP
312,FCF
313,FCFS
314,FCN
315,FDS
316,FELE
317,FF
318,FFBC
319,FFIN
320,FHN
321,FIC
322,FICO
323,FII
324,FIVE
325,FIX
326,FIZZ
327,FL
328,FLO
329,FLR
330,FMBI
331,FN
332,FNB
333,FNSR
334,FOE
335,FORM
336,FORR
337,FOSL
338,FOXF
339,FPTB
340,FR
341,FRGI
342,FSLR
343,FSP
344,FSS
345,FTR
346,FUL
347,FULT
348,FWRD
349,GB
350,GBCI
351,GBX
352,GCI
353,GCO
354,GDOT
355,GEF
356,GEO
357,GEOS
358,GES
359,GFF
360,GGG
361,GHC
362,GHDX
363,GHL
364,GHQ
365,GIFI
366,GIII
367,GLT
368,GME
369,GMED
370,GMT
371,GNTX
372,GNW
373,GPI
374,GPOR
375,GPRE
376,GRUB
377,GT
378,GTLS
379,GTY
380,GVA
381,GWB
382,GWR
383,GY
384,HA
385,HAE
386,HAFC
387,HAIN
388,HAYN
389,HBHC
390,HCI
391,HCII
392,HCSG
393,HE
394,HELE
395,HFWA
396,HI
397,HIBB
398,HIW
399,HLIT
400,HLS
401,HLX
402,HMN
403,HMST
404,HMSY
405,HNI
406,HOMB
407,HQY
408,HR
409,HRC
410,HRG
411,HSC
412,HSII
413,HSKA
414,HSTM
415,HT
416,HTLD
417,HUB
418,HUBG
419,HVT
420,HWAY
421,HWKN
422,HYH
423,HZO
424,IAAC
425,IART
426,IBKR
427,IBOC
428,IBP
429,ICUI
430,IDA
431,IDCC
432,IFSIA
433,IIIN
434,IIVI
435,INCR
436,INDB
437,INGR
438,INN
439,INSP
440,INSU
441,INT
442,INTL
443,IOSP
444,IPAR
445,IPAS
446,IPHS
447,IRBT
448,IRDM
449,IRT
450,ISCA
451,ITRI
452,ITT
453,IVC
454,IVR
455,JACK
456,JBL
457,JBLU
458,JBSS
459,JBT
460,JCOM
461,JCP
462,JDSU
463,JJSF
464,JLL
465,JRVR
466,KALU
467,KAMN
468,KAR
469,KBH
470,KBR
471,KELYA
472,KEM
473,KEX
474,KFY
475,KIRK
476,KLIC
477,KMPR
478,KMT
479,KN
480,KOP
481,KOPN
482,KRA
483,KRC
484,KRG
485,KWR
486,LAD
487,LAMR
488,LANC
489,LCI
490,LDL
491,LECO
492,LFUS
493,LG
494,LGIH
495,LGND
496,LHCG
497,LII
498,LL
499,LM
500,LMAT
501,LMNX
502,LNN
503,LOCO
504,LOGM
505,LPI
506,LPSN
507,LPT
508,LPX
509,LQDT
510,LRY
511,LSTR
512,LTC
513,LUK
514,LXP
515,LXU
516,LYV
517,LZB
518,MAN
519,MANH
520,MANT
521,MASI
522,MAT
523,MATW
524,MATX
525,MCRI
526,MCS
527,MCY
528,MD
529,MDC
530,MDCO
531,MDP
532,MDRX
533,MDSO
534,MDU
535,MED
536,MEI
537,MERC
538,MGLN
539,MGPI
540,MHO
541,MINI
542,MKSI
543,MLAB
544,MLHR
545,MLI
546,MMI
547,MMS
548,MMSI
549,MNRO
550,MNTA
551,MOH
552,MOV
553,MPAA
554,MPW
555,MPWR
556,MRTN
557,MSA
558,MSM
559,MSTR
560,MTDR
561,MTH
562,MTRN
563,MTRX
564,MTSC
565,MTX
566,MTZ
567,MUR
568,MUSA
569,MVSN
570,MW
571,MXL
572,MYE
573,MYGN
574,MYRG
575,NANO
576,NAQ
577,NARA
578,NATI
579,NAVI
580,NBHC
581,NBR
582,NBTB
583,NCI
584,NCR
585,NDSN
586,NE
587,NEO
588,NEOG
589,NEU
590,NEWM
591,NFBK
592,NFG
593,NJR
594,NKTR
595,NLS
596,NMIH
597,NNN
598,NP
599,NPK
600,NPO
601,NR
602,NSIT
603,NSP
604,NTCT
605,NTGR
606,NUS
607,NUVA
608,NWBI
609,NWE
610,NWN
611,NWSB
612,NX
613,NYB
614,NYCB
615,NYMT
616,NYT
617,OAS
618,OC
619,ODFL
620,ODP
621,OFC
622,OFG
623,OFIX
624,OGE
625,OGS
626,OHI
627,OI
628,OII
629,OIS
630,OLED
631,OLN
632,OMCL
633,OMI
634,ONB
635,OPB
636,ORI
637,ORIT
638,OSIS
639,OSK
640,OSUR
641,OXM
642,OYOG
643,OZRK
644,PACW
645,PAHC
646,PANL
647,PARR
648,PATK
649,PB
650,PBF
651,PBH
652,PBI
653,PBNY
654,PCH
655,PDCE
656,PDCO
657,PDFS
658,PEB
659,PEI
660,PENN
661,PETD
662,PETS
663,PFBC
664,PFS
665,PGNX
666,PGTI
667,PII
668,PJC
669,PKE
670,PLAB
671,PLAY
672,PLCE
673,PLT
674,PLUS
675,PLXS
676,PMT
677,PMTC
678,PNFP
679,PNM
680,POL
681,POOL
682,POST
683,POWI
684,POWL
685,PPBI
686,PPC
687,PRA
688,PRAA
689,PRAH
690,PRFT
691,PRGS
692,PRI
693,PRLB
694,PRSC
695,PRSP
696,PSB
697,PTC
698,PTEN
699,PZZA
700,QLYS
701,QNST
702,QSII
703,R
704,RAVN
705,RBC
706,RCII
707,RDYN
708,RECN
709,REGI
710,REI
711,RES
712,REX
713,RGA
714,RGEN
715,RGLD
716,RGR
717,RGS
718,RH
719,RIG
720,RLGY
721,RLI
722,RMAX
723,RMBS
724,RNR
725,RNT
726,ROCK
727,ROG
728,ROIC
729,ROVI
730,RPM
731,RPT
732,RRD
733,RRGB
734,RS
735,RSC
736,RTEC
737,RUTH
738,RWT
739,RYAM
740,RYN
741,SABR
742,SAFM
743,SAFT
744,SAH
745,SAIA
746,SAIC
747,SAM
748,SANM
749,SBCF
750,SBH
751,SBNY
752,SBRA
753,SBSI
754,SCHL
755,SCI
756,SCL
757,SCSC
758,SCSS
759,SCVL
760,SEIC
761,SEM
762,SENEA
763,SF
764,SFBS
765,SFI
766,SFLY
767,SFM
768,SFNC
769,SGMS
770,SHOO
771,SIGI
772,SIX
773,SJI
774,SKT
775,SKX
776,SKYW
777,SLAB
778,SLCA
779,SLGN
780,SLM
781,SM
782,SMG
783,SMP
784,SMTC
785,SNH
786,SNV
787,SNX
788,SON
789,SPN
790,SPOK
791,SPPI
792,SPSC
793,SPTN
794,SPW
795,SRC
796,SRCL
797,SRDX
798,SSD
799,SSP
800,SSS
801,SSTK
802,STAR
803,STBA
804,STC
805,STE
806,STL
807,STLD
808,STMP
809,STRA
810,SUNH
811,SUP
812,SUPN
813,SWFT
814,SWM
815,SWN
816,SWX
817,SXC
818,SXI
819,SXT
820,SYKE
821,SYNA
822,SYRG
823,TASR
824,TBI
825,TBK
826,TCB
827,TCBI
828,TCO
829,TDC
830,TDS
831,TDSC
832,TDY
833,TECD
834,TECH
835,TER
836,TEX
837,TG
838,TGI
839,THC
840,THG
841,THO
842,THRM
843,THRX
844,THS
845,TILE
846,TISI
847,TKR
848,TMP
849,TMST
850,TNC
851,TOL
852,TPH
853,TPRE
854,TPX
855,TR
856,TREE
857,TREX
858,TRMB
859,TRMK
860,TRN
861,TRST
862,TSRA
863,TTC
864,TTEC
865,TTEK
866,TTGT
867,TTI
868,TTMI
869,TTS
870,TWI
871,TWP
872,TXRH
873,TYL
874,TYPE
875,UBA
876,UBSI
877,UCBI
878,UCTT
879,UEIC
880,UFCS
881,UFI
882,UFPI
883,UFS
884,UGI
885,UHT
886,UIHC
887,UIS
888,UMBF
889,UMPQ
890,UNF
891,UNFI
892,UNT
893,URBN
894,USCR
895,USD
896,USMO
897,USNA
898,USPH
899,UTHR
900,UTR
901,UVE
902,UVV
903,VAC
904,VBTX
905,VC
906,VDSI
907,VECO
908,VG
909,VGR
910,VICR
911,VIVO
912,VLY
913,VMI
914,VNDA
915,VPFG
916,VRA
917,VRTS
918,VRTU
919,VRTV
920,VSAT
921,VSH
922,VSI
923,VVI
924,WABC
925,WAFD
926,WAGE
927,WBS
928,WD
929,WDFC
930,WDR
931,WEN
932,WERN
933,WETF
934,WEX
935,WFSL
936,WGO
937,WGOV
938,WIRE
939,WLH
940,WLL
941,WNC
942,WOR
943,WPG
944,WPO
945,WPX
946,WRB
947,WRE
948,WRI
949,WRLD
950,WSM
951,WSO
952,WSR
953,WST
954,WTFC
955,WTR
956,WTS
957,WW
958,WWD
959,WWE
960,WWW
961,WXS
962,WYN
963,X
964,XNCR
965,XPO
966,Y
967,YELP
968,ZAP
969,ZBRA
970,ZEUS
971,ZUMZ
972,
